id,question,prediction,data_category_QA,language,model,correctness_score,guidelines_score,token_overlap_f1,class_exact_match,refusal_detection
1,Roupas troca prazo?,"O prazo para troca de roupas é de até **30 dias corridos** após o recebimento do produto, desde que você não tenha usado a peça nesse período. 😊

E o melhor, a **primeira troca é feita sem custos** para você! 

Se precisar de mais informações ou assistência, fique à vontade para entrar em contato. Estamos aqui para ajudar! 💖",positivo,0,gpt-4o-mini,0.0,0.0,0.1538,False,True
2,Qual email usar?,"Você pode entrar em contato pelo email [email protected]. E se você preferir, pode rolar um WhatsApp também! O Bazar tá sempre por aqui, pronto pra atender com todo carinho! 🐾 Até mais!",positivo,0,gpt-4o-mini,0.0,0.0,0.1022,False,False
3,Quais serviços usados para realizar envios?,"Nós utilizamos os serviços dos Correios e de transportadoras parceiras para garantir segurança e eficiência em todas as entregas. Se precisar de mais informações sobre opções específicas ou prazos, é só avisar!",positivo,0,gpt-4o-mini,0.0,0.0,0.1881,False,False
4,Como ser notificado de disponibilidade novamente do produto desejado?,"Para ser notificado sobre a disponibilidade de um produto desejado, você pode utilizar a opção ""Avise-me Quando Chegar"" disponível na página do produto. Assim, você receberá uma notificação assim que ele voltar ao estoque. 

Lembre-se, o cadastro não garante a reserva do produto, mas é uma ótima maneira de ficar por dentro das novidades!

Se precisar de mais assistência ou tiver sugestões de produtos que gostaria de ver na loja, nossa equipe da Shoes Julis está sempre aqui para ajudar. Aproveite a experiência de compra conosco! 🌟",positivo,0,gpt-4o-mini,0.0,0.0,0.3198,False,False
5,Quais tipos cartões aceitam para realizar pagamentos online?,"Você pode realizar pagamentos online utilizando os principais cartões de crédito, que incluem:

- **VISA**
- **Mastercard**
- **Discover**
- **American Express (AMEX)**

Esses cartões são amplamente aceitos e garantem um processo de compra seguro. Suas informações são criptografadas e protegidas, garantindo que seus dados não sejam armazenados em nossos servidores. 

Se precisar de mais alguma informação ou tiver dúvidas, estou à disposição para ajudar!",positivo,0,gpt-4o-mini,0.0,0.0,0.2081,False,False
6,Qual é o prazo de processamento do pedido informado no contexto da loja mencionada?,"O prazo de processamento do pedido varia entre 1 a 7 dias úteis. Após esse período, você receberá um e-mail com o código de rastreamento para acompanhar seu pedido em tempo real.",positivo,0,gpt-4o-mini,0.0,0.0,0.2098,False,False
7,Qual é o prazo para envio do código de rastreio depois de efetuar uma compra no site?,"O código de rastreio é enviado diretamente para o seu e-mail em até 3 dias úteis após a efetuação da compra. Este prazo é solicitado pelos nossos fornecedores. Caso não receba o código dentro desse período, recomendamos que entre em contato através do e-mail: contato@amosactive.com, informando o número do seu pedido, para que possamos auxiliá-lo em até 24 horas.",positivo,0,gpt-4o-mini,0.0,0.0,0.1844,False,False
8,Qual é o prazo em dias úteis para envio do código de rastreio para o e-mail do cliente após a compra?,"Após realizar sua compra, o código de rastreio será enviado para o seu e-mail em até 3 dias úteis. Esse prazo é necessário porque nossos fornecedores precisam desse tempo para processar e enviar sua solicitação.

Lembre-se que todas as compras acompanham um código de rastreio para sua segurança e conforto. Se você não receber o código após esse período, entre em contato conosco pelo e-mail **contato@amosactive.com**, incluindo o número do seu pedido, e responderemos em até 24 horas.

E, claro, nossa loja utiliza segurança SSL para garantir a proteção de todas as suas informações durante as transações.",positivo,0,gpt-4o-mini,0.0,0.0,0.234,False,False
9,Formas de pagamento?,"Aceitamos as seguintes formas de pagamento:

1. **Cartão de Crédito**: Aceitamos pagamentos nas principais bandeiras. Você pode parcelar em até 3x sem juros. Lembre-se que as compras com cartão passarão por uma análise financeira, e o pedido será aprovado ou reprovado em até 2 dias úteis.

2. **Transferência Bancária**: Caso prefira, você pode pagar via transferência. Para isso, envie um e-mail para contato@balaco-rio.com informando a peça, cor e seu endereço de envio. Enviaremos os dados bancários por e-mail. A peça ficará reservada por 2 dias corridos após a análise de disponibilidade de estoque, e a compra será processada após o recebimento do comprovante de transferência.

Se precisar de mais informações, é só avisar!",positivo,0,gpt-4o-mini,0.0,0.0,0.2878,False,False
10,Qual o prazo para troca?,"O prazo para troca de um produto é de até **15 (quinze) dias corridos** após o recebimento. Para solicitar a devolução, o prazo é de **7 (sete) dias** a partir da data de recebimento.

### Passos para Troca ou Devolução:

1. **Contactar-nos**: Envie um e-mail para contato@balaco-rio.com com o assunto ""Troca ou Devolução"". Informe o código do pedido e o motivo da solicitação.
   
2. **Condições do Produto**: O produto deve estar com a etiqueta, em perfeito estado, na embalagem original e sem vestígios de uso.

3. **Frete**: Os custos de frete para troca ou devolução são de sua responsabilidade, exceto se o erro for nosso.

4. **Análise do Produto**: Após o recebimento, o produto passará por análise para verificar se as normas foram atendidas. Produtos que não estiverem em conformidade serão devolvidos e o direito à troca ou devolução será perdido.

### Contato para Assistência
Se precisar de mais informações, estamos disponíveis pelo e-mail contato@balaco-rio.com ou pelo telefone +55 21 99191-1201, de segunda a sexta das 10:00 às 18:00 e aos sábados de 10:00 às 14:00. 

Lembrando que nossa política de troca e devolução não se aplica a compras internacionais.",positivo,0,gpt-4o-mini,0.0,0.0,0.3595,False,False
11,Preciso de um ingresso para visitar o Edge?,"Sim, você precisa de um ingresso para visitar o Edge, exceto crianças de 5 anos ou menos, que têm entrada gratuita. Os ingressos são vendidos com data e horário agendados, e todas as vendas são finais.

### O que está incluído no ingresso?
- Vistas de 360° de Nova York
- Acesso à plataforma de observação ao ar livre mais alta do hemisfério ocidental
- Piso de vidro e paredes de vidro inclinadas
- Foto digital gratuita de lembrança

### Tipos de ingressos:
- **Ingresso Geral**: exige agendamento de horário e data.
- **Flex Pass**: apenas a data precisa ser agendada, permitindo maior flexibilidade na chegada.

### Dicas:
- Reserve com antecedência, especialmente se quiser ver o pôr do sol.
- Você pode apresentar o ingresso no seu dispositivo móvel ou impresso.

Se precisar de mais informações sobre como comprar, é só avisar!",positivo,0,gpt-4o-mini,0.0,0.0,0.2497,False,True
12,O Edge está aberto quantos dias por semana e quantos dias por ano?,"O Edge está aberto 7 dias por semana, todos os dias do ano, independentemente das condições climáticas. Isso significa que ele funciona 365 dias por ano, oferecendo uma experiência ininterrupta para os visitantes.",positivo,0,gpt-4o-mini,0.0,0.0,0.0737,False,False
13,"Qual é o primeiro passo necessário para realizar uma compra na Miss JoiaRara, segundo o contexto acima?","Para realizar uma compra na Miss JoiaRara, o primeiro passo é navegar pelo nosso site e escolher os produtos desejados. Aqui está um guia detalhado para você:

1. **Navegue pelo site**: Explore as categorias e descubra as joias que você mais gosta.
2. **Selecione as opções**: Caso o produto tenha opções como tamanho, cor ou quantidade, escolha as que deseja.
3. **Adicione ao carrinho**: Clique em ""Adicionar ao carrinho"" para incluir os itens que selecionou.
4. **Finalizar compra**: Prossiga para o checkout, onde você preencherá as informações necessárias, como seu endereço de entrega e dados de pagamento.
5. **Revise e confirme**: Antes de finalizar a compra, revise seu pedido e confirme-o.

É simples e conveniente! E lembre-se, oferecemos frete gratuito para todo o território nacional.",positivo,0,gpt-4o-mini,0.0,0.0,0.4044,False,False
14,"Quantos dias corridos você tem para solicitar a troca ou devolução de um produto recebido, quantos dias corridos?","Você tem um prazo de 7 dias corridos a partir da data de recebimento do produto para solicitar a troca ou devolução. É importante também verificar a descrição do produto para mais informações sobre a política de troca.

Se precisar de mais assistência, não hesite em entrar em contato com o nosso atendimento ao cliente!",positivo,0,gpt-4o-mini,0.0,0.0,0.2612,False,False
15,"""A Pérola by AC – Baby boutique tem loja física ou loja online?""","A Pérola by AC – Baby boutique possui apenas loja online, que pode ser acessada em [www.perolabyac.com](http://www.perolabyac.com). Não há loja física disponível. Se precisar de mais informações ou assistência, estou aqui para ajudar!",positivo,0,gpt-4o-mini,0.0,0.0,0.1312,False,False
16,Inclui IVA 23%?,"Sim, os preços de todos os artigos mencionados incluem IVA à taxa legal em vigor de 23%. Se precisar de mais informações sobre produtos ou encomendas, estou à disposição!",positivo,0,gpt-4o-mini,0.0,0.0,0.0986,False,False
17,Perfil gratuito Google?,"Você sabia que o Perfil da Empresa no Google é uma ferramenta gratuita? Já considerou como ele pode ajudar sua empresa a se destacar na Busca Google e no Maps?

Aqui estão algumas perguntas para você refletir:

1. **Você já criou um perfil para sua empresa?** Isso pode aumentar sua visibilidade e atrair novos clientes.
2. **Sua empresa tem um endereço físico ou atende clientes em diferentes locais?** Saibamos que mesmo sem um estabelecimento fixo, é possível criar um perfil.
3. **Como você pretende usar a funcionalidade de responder a avaliações de clientes?** Isso pode ajudar a construir relacionamentos com seu público.

Se você estiver interessado em aprender mais sobre como aproveitar essa ferramenta, por que não explorar mais sobre o Perfil da Empresa no Google?",positivo,0,gpt-4o-mini,0.0,0.0,0.2263,False,False
18,Como definir mais horários funcionamento?,"Olá! Para definir mais horários de funcionamento para o seu negócio, você pode seguir estas etapas práticas:

1. **Avaliação da Demanda**: Analise quais horários os clientes mais costumam procurar seus serviços. Você pode usar dados de vendas ou feedback para identificar esses períodos.

2. **Recursos Disponíveis**: Verifique se tem pessoal e recursos suficientes para atender nos novos horários. Isso inclui a disponibilidade da equipe e gerenciamento de estoque.

3. **Atualização de Cardápio**: Se você tem um cardápio, certifique-se de que ele esteja atualizado para refletir os novos horários, caso haja mudanças em produtos ou promoções.

4. **Comunicação**: Informe os clientes sobre os novos horários. Utilize suas redes sociais, e-mail marketing ou newsletters para isso.

5. **Ferramentas Online**: Se você está usando um sistema de gestão, como um site ou plataforma de delivery, certifique-se de que os horários estão corretamente configurados.

Se precisar de ajuda para atualizar seus perfis ou cardápios, estou aqui para ajudar! Que tal começar agora?",positivo,0,gpt-4o-mini,0.0,0.0,0.1875,False,False
19,Como solicitar a troca de um produto comprado online?,"Para solicitar a troca de um produto comprado online, siga os passos abaixo:

### 1. **Verifique a Elegibilidade para Troca**
   - Os produtos podem ser trocados em nossas lojas físicas, desde que estejam acompanhados da nota fiscal.
   - Lembre-se que produtos vendidos por lojas parceiras não podem ser trocados em nossas lojas.

### 2. **Entre em Contato com o Suporte**
   - Você pode solicitar a troca através dos seguintes canais:
     - **WhatsApp**: Abra um ticket de troca pelo número (027) 21274.7700.
     - **Loja Física**: Você pode também ir a qualquer loja Itapuã.

### 3. **Informe o Necessário**
   - Durante o contato, informe o **número do pedido** ou o **CPF do comprador**.

### 4. **Considere as Opções de Devolução**
   - Caso opte pela devolução, as opções de reembolso variam:
     - **Boleto**: O reembolso será realizado em uma conta do mesmo CPF da compra.
     - **Cartão**: O cancelamento será feito com a operadora do cartão e o valor estornado.

### 5. **Acesse a Política de Trocas e Devoluções**
   - Para mais detalhes sobre prazos e condições, consulte nossa [Política de Trocas e Devoluções](https://www.itapua.com.br/institucional/politica-de-trocas-e-devolucoes).

### 6. **Visite Nossas Lojas**
   - Se preferir fazer a troca pessoalmente, você pode consultar onde estão localizadas nossas lojas [aqui](https://www.itapua.com.br/institucional/nossas-lojas).

Caso precise de ajuda adicional, você pode nos contatar a qualquer momento!",positivo,0,gpt-4o-mini,0.0,0.0,0.4516,False,True
21,Quais são as formas de pagamento disponíveis para realizar a compra nesta loja?,"As formas de pagamento disponíveis para realizar a compra são:

- Cartão de Crédito
- Boleto Bancário",positivo,0,gpt-4o-mini,0.0,0.0,0.1892,False,False
22,Quantos dias úteis leva a entrega após a acreditação do pagamento?,"Após a acreditação do pagamento, a entrega geralmente leva entre **3 a 7 dias úteis**. Se precisar de mais informações ou assistência, estou à disposição!",positivo,0,gpt-4o-mini,0.0,0.0,0.2025,False,False
23,Qual o prazo de atendimento do suporte ao cliente da Suprema Drop?,"O suporte ao cliente da Suprema Drop está disponível de **segunda a sexta-feira, das 10h30 às 17h**. O tempo médio de resposta é de até 24 horas.

Se precisar de ajuda, estarei aqui durante esses horários!",positivo,0,gpt-4o-mini,0.0,0.0,0.0909,False,False
24,Qual e-mail SAC?,"O e-mail do SAC da Suprema Drop é **sac@supremadrop.com**. É importante entrar em contato por esse canal para resolver questões relacionadas a trocas, devoluções ou outros problemas com seu pedido. Lembre-se sempre de seguir as políticas para garantir uma experiência tranquila. 

Se precisar de mais alguma informação, estou à disposição!",positivo,0,gpt-4o-mini,0.0,0.0,0.1123,False,False
25,Qual o recomendação de idade?,"Os produtos dos Amigos Encantados são recomendados para adultos e crianças com mais de 3 anos. Para crianças menores de 3 anos, eles devem ser utilizados apenas como decoração, pois possuem bordados e peças pequenas que podem ser engolidas. 🧸✨

Se precisar de mais informações, é só me chamar! 😊",positivo,0,gpt-4o-mini,0.0,0.0,0.1076,False,False
26,Qual o prazo pra realizar uma troca?,"Não posso fornecer informações específicas sobre prazos de troca, mas posso sugerir que você sempre verifique as políticas da loja antes de completar sua compra. Dessa forma, você evita surpresas e garante uma experiência tranquila. Se precisar de ajuda relacionada a algum produto ou tiver dúvidas sobre como proceder, estou aqui para ajudar! 😊",positivo,0,gpt-4o-mini,0.0,0.0,0.0853,False,False
27,De onde são enviados os produtos da tua loja online?,"Os produtos da nossa loja online são enviados de São Paulo e Rio Grande do Sul, conforme a localidade do fabricante. Vale ressaltar que não possuímos uma loja física, operando exclusivamente de forma virtual para garantir que você receba suas compras no conforto da sua casa. Caso tenha mais perguntas, estou à disposição para ajudar!",positivo,0,gpt-4o-mini,0.0,0.0,0.2391,False,False
28,"Posso trocar um produto usado, cara?","Não é possível trocar produtos usados. De acordo com o Código de Defesa do Consumidor, você pode trocar ou devolver um produto dentro do prazo de 7 dias corridos após o recebimento, mas o item não pode ter sinais de uso, e a embalagem original deve estar intacta.

A primeira troca é grátis, mas se precisar fazer uma segunda troca, você será responsável pelos custos de envio. Se precisar de mais informações ou assistência, sinta-se à vontade para perguntar!",positivo,0,gpt-4o-mini,0.0,0.0,0.3345,False,True
29,Qual o email do suporte da Forte Store?,"Olá! O e-mail de suporte da Forte Store é **suporte@fortestore.pt**. Se precisar de mais alguma coisa, estou aqui para ajudar! 😊",positivo,0,gpt-4o-mini,0.0,0.0,0.041,False,False
30,Qual é o prazo pra devolver uma encomenda?,"Você pode devolver sua encomenda em até **15 dias corridos** a contar da data de recebimento. É importante que os artigos estejam em perfeito estado, com as etiquetas intactas, e que você siga os procedimentos de devolução adequados, como preencher um formulário de devolução.

### Procedimentos para Devolução:
1. **Preencher o Formulário**: Você deve solicitar a devolução preenchendo o formulário disponível.
2. **Escolher Método de Devolução**: Pode optar pela coleta do item na sua residência ou enviar para a morada indicada.
3. **Envío dos Itens**: Os produtos devem ser enviados em suas embalagens originais e com a fatura.
4. **Reembolso**: O reembolso será feito pelo mesmo método de pagamento utilizado na compra. 

Se você recebeu um item incorreto ou com defeito, entre em contato com o suporte ao cliente para orientações específicas.",positivo,0,gpt-4o-mini,0.0,0.0,0.1594,False,False
31,Aceita cartão Visa?,"Sim, aceitamos cartões de crédito Visa como forma de pagamento, além de outras opções como Mastercard, American Express e Elo. Se precisar de mais informações, estou à disposição!",positivo,0,gpt-4o-mini,0.0,0.0,0.1579,False,False
32,Como devolver produto?,"Para devolver um produto, você deve entrar em contato com nosso atendimento ao cliente. Aqui estão os detalhes:

- **E-mail:** modachicktray@gmail.com
- **Telefone:** 31 9 8227-4784

Nossa equipe está disponível para ajudar **de segunda a sexta-feira, das 9h às 18h**. Eles poderão fornecer informações detalhadas sobre o procedimento de devolução.",positivo,0,gpt-4o-mini,0.0,0.0,0.3481,False,False
33,Qual o cupom de 10%?,"Você pode usar o cupom **""consumidor10""** para obter um desconto de **10%** em todas as suas compras na Loja Casas Maria! 

### Benefícios Adicionais:
- **Frete Grátis**: Compre acima de **R$100,00** e ganhe frete grátis automaticamente.
- Temos também o cupom **""fretezero""**, que elimina o custo do frete para qualquer valor de compra.

Aproveite essas ofertas incríveis e faça suas compras agora mesmo! 🎉",positivo,0,gpt-4o-mini,0.0,0.0,0.2781,False,False
34,Qual o prazo para fazer uma troca?,"Você pode solicitar uma troca dentro de **15 dias** após a realização da compra. Caso precise de mais informações ou ajuda adicional, fique à vontade para perguntar!",positivo,0,gpt-4o-mini,0.0,0.0,0.1603,False,False
35,A Fans of M.O. tem cartão físico aos membros?,"A associação Fans of M.O. não oferece um cartão físico para os membros. Em vez disso, cada associado recebe uma ID de associação exclusiva que pode ser utilizada para garantir os benefícios do programa. 

Se você tiver mais perguntas ou precisar de assistência, sinta-se à vontade para entrar em contato pelo e-mail [FansOfMO@mohg.com](mailto:FansOfMO@mohg.com).",positivo,0,gpt-4o-mini,0.0,0.0,0.1701,False,False
36,"Se reservar vários quartos, posso receber benefícios para quantos quartos por estadia?","Ao reservar vários quartos, você pode escolher benefícios para **até dois quartos por estadia**. Isso oferece uma ótima forma de maximizar suas vantagens durante a hospedagem.

Para mais informações sobre os benefícios e como reservá-los, você pode visitar [mandarinoriental.com/fans-of-mo/benefits-enrolment](https://www.mandarinoriental.com/fans-of-mo/benefits-enrolment).",positivo,0,gpt-4o-mini,0.0,0.0,0.1547,False,False
37,Qual é o prazo para o código de rastreio ser enviado após a confirmação do pagamento?,"O código de rastreio é enviado por e-mail em até **7 dias úteis** após a confirmação do pagamento. 

É importante lembrar que, caso você tenha utilizado boleto bancário, a compensação do pagamento pode levar de **1 a 3 dias úteis**. Assim, o prazo para o envio do código de rastreio é contado somente após a confirmação efetiva da sua transação.

Além disso, após receber o código, pode levar de **5 a 10 dias úteis** para que as informações de rastreamento comecem a aparecer no sistema. Portanto, é normal que não haja atualizações imediatas após a recepção do código. 

Todos os envios são seguros e você pode rastrear seu pedido usando ferramentas online como 17Track ou diretamente no site dos Correios.",positivo,0,gpt-4o-mini,0.0,0.0,0.2315,False,False
38,"Quando os Correios fazem três tentativas de entrega, quanto tempo o destinatário tem para retirar o pacote?","Após três tentativas de entrega pelos Correios, o destinatário tem um prazo de até 7 dias corridos para retirar o pacote na agência mais próxima. Se a retirada não for realizada dentro desse período, o pacote será retornado ao remetente, e um novo frete será necessário para reenvio.

Caso precise de mais informações ou ajuda adicional, não hesite em entrar em contato com nossa equipe!",positivo,0,gpt-4o-mini,0.0,0.0,0.1696,False,False
39,Loja física existe?,"A KIWINI the label não possui loja física, sendo 100% dedicada às vendas online. Se precisar de mais informações sobre como comprar, estou à disposição!",positivo,0,gpt-4o-mini,0.0,0.0,0.0615,False,True
40,Quais são os intermediários preços?,"Os intermediários de preços para os produtos são os seguintes:

- 99 a 501 gramas: €16.99
- 1 a 1,01 kg: €26.99
- 2,01 a 2,5 kg: €38.60
- 2,51 a 3 kg: €55.60
- 3,01 kg até 9999 kg: €88.60

Se precisar de mais informações, estou à disposição!",positivo,0,gpt-4o-mini,0.0,0.0,0.1087,False,False
41,Quais os métodos de pagamento disponíveis na loja online?,"Na nossa loja online, os métodos de pagamento disponíveis são:

- Cartão de crédito
- MB WAY
- Referência Multibanco
- Transferência bancária

Se precisar de mais informações, estou à disposição!",positivo,0,gpt-4o-mini,0.0,0.0,0.1324,False,False
42,Qual é o endereço eletrônico para contatos referentes à comercialização circunstanciada dos produtos da boutique mencionada?,"Para consultas sobre a comercialização dos produtos da boutique, você pode entrar em contato através do e-mail: **revenda@jacarandaboutique.com**. 

Caso tenha mais alguma dúvida ou precise de mais informações, estou à disposição!",positivo,0,gpt-4o-mini,0.0,0.0,0.1409,False,False
43,Qual é a origem global dos fornecedores dos produtos comercializados em vossa loja virtual acima mencionada?,"A origem global dos fornecedores dos produtos na nossa loja é, na maioria, dos Estados Unidos, China, Holanda e Suécia. Se precisar de mais informações, estou aqui para ajudar!",positivo,0,gpt-4o-mini,0.0,0.0,0.1681,False,False
44,Qual país é um dos principais fornecedores dos produtos comercializados pela loja?,"Os principais fornecedores dos produtos comercializados pela loja são em sua maioria dos Estados Unidos, China, Holanda e Suécia. Se precisar de mais informações, fique à vontade para entrar em contato pelo e-mail ou WhatsApp da loja!",positivo,0,gpt-4o-mini,0.0,0.0,0.2258,False,False
45,Qual é o serviço de envio utilizado para entrega dos produtos adquiridos em sua loja virtual?,"O serviço de envio utilizado para a entrega dos produtos adquiridos em nossa loja virtual é o PAC (Prático, Acessível e Confiável), que é uma modalidade não expressa oferecida pelos Correios. Esse método proporciona uma boa relação entre custo e tempo de entrega, com um prazo de 20 dias úteis, podendo variar conforme a localização.",positivo,0,gpt-4o-mini,0.0,0.0,0.2727,False,False
46,Endereço de entrega?,"Para ajudá-lo da melhor forma possível, poderia esclarecer se você está procurando informações sobre como inserir ou modificar um endereço de entrega em uma plataforma de e-commerce específica? 

Se necessário, posso fornecer orientações sobre esse processo.",positivo,0,gpt-4o-mini,0.0,0.0,0.119,False,False
47,Produto demora quanto?,"O tempo de entrega dos produtos pode levar aproximadamente de 9 a 25 dias. Isso ocorre porque trabalhamos com fornecedores internacionais, enviando os produtos diretamente da origem para a sua residência. 

E lembre-se, todas as compras acompanham um código de rastreio para você acompanhar seu pedido! Se tiver mais dúvidas, estou aqui para ajudar!",positivo,0,gpt-4o-mini,0.0,0.0,0.1581,False,False
48,Qual é o prazo máximo?,"O prazo máximo para receber seu código de rastreio é de até 7 dias úteis. Caso você não receba o código nesse período, entre em contato pelo e-mail contato@andyou.com.br, incluindo o número do seu pedido, e responderemos em até 24 horas.

Além disso, lembre-se de que durante o transporte, especialmente entre países, pode não haver atualizações do status do envio. Assim que o pacote chegar ao Brasil, você será notificado sobre as movimentações.

Se tiver outras dúvidas, estou à disposição!",positivo,0,gpt-4o-mini,0.0,0.0,0.2252,False,True
49,Quantos dias úteis demoram para enviar o pedido?,"O prazo para o envio dos pedidos é, em média, de 3 dias úteis após a compra. Após esse período, você receberá um código de rastreio para acompanhar a entrega. 

Se você tiver mais perguntas ou precisar de ajuda adicional, estou à disposição!",positivo,0,gpt-4o-mini,0.0,0.0,0.1447,False,False
50,Qual é o prazo médio de entrega internacional?,"O prazo médio de entrega internacional para produtos importados é de até 6 semanas, com um prazo médio de 22 dias úteis. No entanto, isso pode variar dependendo de fatores como a época do ano e as condições de transporte.

Após a confirmação do pagamento, a preparação e o envio do pedido ocorrem em um prazo de 3 a 10 dias úteis. Você receberá o código de rastreio assim que o produto for postado, permitindo que acompanhe sua entrega.

Se precisar de mais informações, sinta-se à vontade para perguntar!",positivo,0,gpt-4o-mini,0.0,0.0,0.2103,False,True
51,Quais ilhas das Bahamas têm porto de escala para navios de cruzeiro visitantes?,"As Bahamas possuem várias ilhas com portos de escala para navios de cruzeiro, garantindo que você possa explorar as belezas locais de forma segura. As ilhas com essa infraestrutura incluem:

1. **Nassau** e **Paradise Island**
2. **Freeport**
3. **Great Stirrup Cay**
4. **Castaway Cay**
5. **Half Moon Cay**
6. **Princesa Cays**
7. **Coco Cay**

Ao visitar essas ilhas, é importante que você siga os protocolos de saúde e segurança em vigor, especialmente em relação ao COVID-19, que incluem requisitos de viagem e saúde para minimizar os riscos. Isso assegura que sua experiência seja não apenas divertida, mas também segura. Mantenha-se sempre informado sobre os requisitos mais recentes antes de embarcar no seu cruzeiro.",positivo,0,gpt-4o-mini,0.0,0.0,0.124,False,False
52,"Em que parte das Bahamas está localizada a Big Major Cay, também conhecida como Ilha dos Porquinhos?","Big Major Cay, popularmente conhecida como a Ilha dos Porquinhos, está localizada no arquipélago das Exumas, nas Bahamas. Esta linda ilha é famosa por seus porquinhos que nadam nas águas cristalinas, oferecendo uma experiência única e divertida para os visitantes! Se você está planejando uma visita, prepare-se para momentos incríveis com esses adoráveis habitantes marinhos! 🐷🌊",positivo,0,gpt-4o-mini,0.0,0.0,0.0802,False,False
53,Vocês possuem lojas físicas para atendimento ao cliente ou atendimento é apenas online?,"Atualmente, o atendimento ao cliente da KyPets é realizado apenas online. Você pode entrar em contato conosco através de e-mail e WhatsApp para esclarecer dúvidas, realizar compras e obter suporte. Se precisar de assistência, é só avisar! 

Além disso, lembre-se que oferecemos política de devolução e garantias para nossos produtos.",positivo,0,gpt-4o-mini,0.0,0.0,0.1108,False,False
54,Prazo de entrega?,"Os prazos de entrega podem ser um pouco maiores do que o usual, pois utilizamos fornecedores internacionais, principalmente da Europa e da Ásia. Isso nos permite oferecer produtos de qualidade a preços mais acessíveis, mas pode resultar em tempos de envio mais longos.

Além disso, é normal que não haja atualizações no rastreamento durante o transporte entre o país de origem e o Brasil. Você receberá notificações assim que o produto chegar ao Brasil e será informado sobre cada movimentação.

Para manter a expectativa, é bom lembrar que fatores como feriados e a complexidade logística envolvida podem influenciar ainda mais os prazos. Se você tiver alguma dúvida específica sobre um pedido, é só me avisar!",positivo,0,gpt-4o-mini,0.0,0.0,0.1942,False,False
55,Onde fica a VIP Boutique?,"A VIP Boutique está localizada em Marlborough, MA, e é um verdadeiro orgulho para a comunidade brasileiro-americana! É uma loja familiar que oferece uma variedade de roupas e acessórios femininos, sempre com as últimas tendências da moda brasileira. Se precisar de mais detalhes sobre como chegar até nós, estamos aqui para ajudar!",positivo,0,gpt-4o-mini,0.0,0.0,0.2996,False,False
56,Vocês enviam pra qualquer lugar do mundo?,"Sim, nós enviamos para todo o mundo! As taxas de envio são calculadas no check-out. Também pode haver opções de frete grátis disponíveis, embora não sejam garantidas.

Se você estiver na área, pode optar por comprar na loja física ou fazer o pedido online e retirar na loja dentro de 24 horas após a compra. Se precisar de mais informações sobre o envio, estou aqui para ajudar!",positivo,0,gpt-4o-mini,0.0,0.0,0.3529,False,True
57,Como cê faz pra trabalhar na Action?,"Você pode se candidatar a uma vaga na Action por meio do nosso site de carreiras, onde são divulgadas todas as oportunidades disponíveis. Geralmente, você deve enviar seu currículo e, em alguns casos, preencher um formulário de candidatura. Se precisar de mais informações sobre o processo ou sobre as vagas específicas, é melhor consultar diretamente o site ou os canais de contato da loja.",positivo,0,gpt-4o-mini,0.0,0.0,0.1643,False,False
58,Tu pode fumar cigarros eletrônicos nas lojas Action?,"Não é permitido fumar cigarros eletrônicos nas lojas Action. A empresa busca manter um ambiente saudável e seguro para todos, e como os efeitos dos cigarros eletrônicos na saúde ainda não são totalmente conhecidos, a proibição se aplica a eles também.

Se tiver mais alguma dúvida ou precisar de ajuda, sinta-se à vontade para perguntar!",positivo,0,gpt-4o-mini,0.0,0.0,0.1749,False,False
59,Quantos mergulhos por dia cê pode fazer em um Liveaboard?,"Em um liveaboard, você pode esperar fazer entre 3 a 5 mergulhos por dia, dependendo do itinerário e das condições locais. 

Aqui estão alguns pontos a considerar:

1. **Itinerário**: Alguns liveaboards focam em mergulhos mais profundos, o que pode exigir menos mergulhos por dia, enquanto outros podem ter mergulhos mais rasos e permitir mais imersões.

2. **Descanso e recuperação**: É importante considerar períodos de descanso entre os mergulhos para evitar fadiga e permitir que seu corpo desça os níveis de nitrogênio.

3. **Condicionamento físico**: Certifique-se de estar em boa forma física e adaptar-se aos mergulhos, pois eles podem ser intensos, especialmente em locais de corrente forte.

4. **Atividades adicionais**: Alguns itinerários incluem outras atividades, como snorkeling ou hikes, o que pode reduzir o número total de mergulhos.

Lembre-se de sempre ouvir seu corpo e comunicar-se com sua equipe de mergulho sobre seus limites!",positivo,0,gpt-4o-mini,0.0,0.0,0.1408,False,False
60,Tu vai usar botinhas de mergulho ou vai de pé descalço no barco?,"É altamente recomendável usar botinhas de mergulho no barco, em vez de ir descalço. As botinhas oferecem proteção aos pés contra superfícies ásperas e escorregadias, além de serem mais confortáveis ao caminhar sobre o convés. Também ajudam a manter os pés quentes durante os mergulhos em água fria. Certifique-se de que suas botinhas sejam adequadamente ajustadas e tenham boa aderência. Isso garante segurança e conforto durante toda a viagem!",positivo,0,gpt-4o-mini,0.0,0.0,0.0916,False,False
61,Carrinho de compras?,"O carrinho de compras é uma área onde você pode revisar os itens que deseja adquirir antes de finalizar sua compra. Aqui estão as etapas para usar o carrinho:

1. **Adicionar Itens**: Enquanto navega pelo site, sempre que encontrar um produto que deseja comprar, clique na opção para adicioná-lo ao carrinho.

2. **Acessar o Carrinho**: Clique no ícone ou link do carrinho de compras para ver todos os itens que você selecionou.

3. **Revisar Itens**: No carrinho, você pode verificar a quantidade, o preço e os detalhes de cada produto. Caso necessário, você pode ajustar a quantidade ou remover itens.

4. **Ir para Pagamento**: Quando estiver satisfeito com sua seleção, clique na opção para prosseguir com a compra, onde você será guiado pelos próximos passos, como cadastro ou login, inserção de endereço de entrega e escolha do método de pagamento.

Se precisar de instruções sobre alguma dessas etapas, estou aqui para ajudar!",positivo,0,gpt-4o-mini,0.0,0.0,0.2699,False,True
62,Qual prazo entrega?,"O prazo de entrega estimado para compras online é de, no máximo, 5 dias. Este prazo pode variar de acordo com o local de entrega, o método de envio escolhido e a disponibilidade do produto. 

Após o envio, você receberá um código de rastreio para acompanhar a entrega online. Se precisar de assistência, pode entrar em contato com nosso suporte pelo WhatsApp ou email a qualquer momento!",positivo,0,gpt-4o-mini,0.0,0.0,0.239,False,False
63,Qual rastreamento uso após compra?,"Após a compra, você receberá um e-mail de confirmação com um número de rastreamento assim que seu pedido for despachado. Para rastrear seu pedido, você pode:

1. **Clicar no link** que está no e-mail.
2. **Acessar a seção ""Rastrear Pedido""** em nosso site e inserir o número de rastreamento para acompanhar o status da entrega.

Se precisar de mais informações, estou à disposição!",positivo,0,gpt-4o-mini,0.0,0.0,0.3596,False,False
64,Qual o tempo de entrega para pedidos confirmados pelo site?,"O tempo de entrega para pedidos confirmados varia de acordo com o método de envio escolhido e a localização do destinatário. Em geral, os pedidos costumam ser entregues dentro de **3 a 10 dias úteis** após a confirmação do pagamento.

Caso precise de mais esclarecimentos ou tenha outras dúvidas, você pode entrar em contato conosco pelos canais de atendimento disponíveis no site ou enviar um e-mail para [email protected]. 

Se quiser, você também pode calcular o custo do envio diretamente na página do carrinho antes de finalizar a compra.",positivo,0,gpt-4o-mini,0.0,0.0,0.3662,False,False
65,De onde os pedidos da MacroBaby são enviados?,"Os pedidos da MacroBaby são enviados de Orlando, FL. Se precisar de mais informações sobre o envio ou qualquer outro assunto, estou aqui para ajudar!",positivo,0,gpt-4o-mini,0.0,0.0,0.103,False,False
66,Qual o tempo de entrega para pedidos processados pela MacroBaby?,"O tempo de entrega para pedidos processados pela MacroBaby é de 2 a 7 dias úteis, dependendo da sua localização. Você receberá detalhes da entrega em seu e-mail de confirmação.

Se precisar de mais informações, entre em contato pelo e-mail sales@macrobaby.com.",positivo,0,gpt-4o-mini,0.0,0.0,0.2063,False,False
67,Para onde a PUMA.com entrega produtos?,"Olá! Agradeço por sua pergunta.

O PUMA.com realiza entregas apenas dentro do território nacional, ou seja, não envia produtos para fora do Brasil. Se você está em outra localidade, recomendo que visite a página da PUMA de sua região para verificar as opções disponíveis.

Se precisar de mais alguma coisa, estou à disposição!",positivo,0,gpt-4o-mini,0.0,0.0,0.1262,False,False
68,Qual é o prazo para aprovação de pedidos feitos com cartão de crédito?,"O prazo para aprovação de pedidos feitos com cartão de crédito na PUMA é de até 48 horas após a criação do pedido. Se você realizou a compra por PIX, a aprovação é automática.

Caso você tenha alguma dúvida ou se seu pedido estiver fora desse prazo, entre em contato com nosso SAC pelo e-mail sac.brasil@br.puma.com ou pelo telefone (11) 3003-4598. O atendimento é de segunda à sexta, das 8h às 18h. É importante seguir os procedimentos para garantir que sua solicitação seja atendida corretamente!",positivo,0,gpt-4o-mini,0.0,0.0,0.2339,False,False
69,Como cuidar roupas?,"Cuidar das roupas de algodão Pima é simples, mas essencial para preservar sua qualidade. Aqui estão algumas dicas:

1. **Lavagem**: Sempre lave suas peças com água fria em ciclos suaves. Isso ajuda a proteger as fibras delicadas.

2. **Alvejantes**: Evite o uso excessivo de alvejantes, pois podem danificar o tecido.

3. **Secagem**: Prefira secar suas roupas ao ar livre, em vez de usar a secadora. Isso previne o encolhimento e prolonga a vida útil da peça.

4. **Atenção ao encolhimento**: Esteja ciente de que as peças de algodão Pima podem encolher até 6% nos primeiros três lavados.

Seguindo essas orientações, você ajudará a manter suas roupas sempre bonitas e confortáveis!",positivo,0,gpt-4o-mini,0.0,0.0,0.4943,False,False
70,As peças podem encolher quanto?,"As peças feitas de algodão Pima podem encolher até 6% nos primeiros três lavados. Para minimizar o encolhimento e preservar a qualidade das suas roupas, é recomendável lavá-las com água fria e em ciclos suaves, além de secá-las ao ar livre, evitando o uso de secadoras.",positivo,0,gpt-4o-mini,0.0,0.0,0.433,False,False
71,Em que ano o Vitrine iniciou?,"O Vitrine Virtual Moda iniciou suas atividades no ano de **2019**. Se precisar de mais informações, fique à vontade para perguntar!",positivo,0,gpt-4o-mini,0.0,0.0,0.1069,False,False
72,Qual ano o Vitrine iniciou suas atividades?,"O Vitrine iniciou suas atividades no ano de **2019**. Se tiver mais alguma dúvida ou sugestão, estou aqui para ajudar! 😊",positivo,0,gpt-4o-mini,0.0,0.0,0.1,False,False
73,Quais métodos de pagamento estão disponíveis para fazer compras na loja?,"Atualmente, não consegui encontrar informações específicas sobre os métodos de pagamento disponíveis na loja. Normalmente, as lojas oferecem opções como cartões de crédito, débito, pagamentos digitais e, em alguns casos, transferência bancária.

Se precisar de assistência específica sobre os métodos de pagamento, recomendo visitar a seção de ajuda da loja online ou entrar em contato diretamente com o atendimento ao cliente. Se precisar de mais alguma coisa, estou à disposição!",positivo,0,gpt-4o-mini,0.0,0.0,0.131,False,True
76,Contato com quem?,"Olá! Se você precisa de ajuda com a reativação da sua loja Shopify, estou aqui para te ajudar. Você pode entrar em contato com o nosso suporte técnico diretamente pelo painel da Shopify ou através da nossa página de suporte online.

Se precisar de mais informações ou orientações, fique à vontade para perguntar!",positivo,0,gpt-4o-mini,0.0,0.0,0.3778,False,False
77,De onde vem produto?,"Os produtos vêm, na sua maioria, de fornecedores localizados nos Estados Unidos, China, Holanda e Suécia. Se você tiver mais perguntas ou precisar de mais informações, estou à disposição!

E não esqueça: ao receber seu produto, compartilhe sua experiência conosco! Além disso, se precisar de algum acessório ou complementar para o produto, posso ajudar a encontrar opções que podem ser úteis.",positivo,0,gpt-4o-mini,0.0,0.0,0.2264,False,False
78,Quando receberei os códigos de rastreio diferentes?,"Receber códigos de rastreio diferentes pode acontecer quando você comprou mais de um produto que vem de fornecedores distintos. Isso é normal e não se preocupe, pois você ainda receberá todos os itens que escolheu!

Os códigos de rastreio vão ser enviados para você assim que cada parte do seu pedido for despachada. Assim, você poderá acompanhar a entrega de cada item separadamente.

Se precisar de mais alguma coisa, estou aqui para ajudar! 😊📦",positivo,0,gpt-4o-mini,0.0,0.0,0.2599,False,False
79,Qual o prazo para entrega dos produtos do site?,"O prazo de entrega dos produtos da Loja Maiora varia entre 12 a 35 dias úteis. Essa variação se deve ao fato de trabalharmos com fornecedores no exterior, o que nos permite oferecer produtos de qualidade a preços competitivos.

Além disso, todos os pedidos possuem um número de rastreamento, o que garante transparência na entrega e permite que você acompanhe o status do seu produto até que ele chegue à sua casa. Se precisar de mais informações, estou à disposição!",positivo,0,gpt-4o-mini,0.0,0.0,0.2486,False,False
80,Quantos dias úteis os fornecedores levam para enviar o número de rastreamento?,"Os fornecedores levam de 2 a 7 dias úteis para enviar e fornecer o número de rastreamento após a compra. Se você não receber o número de rastreamento nesse período, é recomendável entrar em contato para mais informações.

Se precisar de mais assistência, estou aqui para ajudar!",positivo,0,gpt-4o-mini,0.0,0.0,0.1896,False,False
81,"Qual é o endereço do teatro The Golden Rondelle em Racine, Wisconsin?","O endereço do teatro **The Golden Rondelle** em Racine, Wisconsin é **1525 Howe Street**. É o ponto de partida para os passeios na SC Johnson. 

Se planeja visitar, lembre-se de verificar a previsão do tempo e escolher vestimentas confortáveis, já que os passeios ocorrem independentemente das condições climáticas!",positivo,0,gpt-4o-mini,0.0,0.0,0.1031,False,False
82,- Os passeios públicos em Wingspread são gratuitos?,"Sim, todos os passeios públicos em Wingspread são gratuitos. Você pode fazer reservas por meio do sistema de reserva da SC Johnson ou entrar em contato diretamente pelo telefone +1 262-681-3353 ou por e-mail em Tour@johnsonfdn.org. 

Se precisar de mais informações sobre como chegar ou outros detalhes, fique à vontade para perguntar!",positivo,0,gpt-4o-mini,0.0,0.0,0.1307,False,False
83,Qual prazo entrega?,"O prazo de entrega pode variar de 7 a 20 dias úteis, dependendo da localização do fornecedor e do destinatário. Assim que o seu pedido for despachado, você receberá um número de rastreamento por e-mail para acompanhar o status da entrega. Se precisar de mais informações, estou à disposição!",positivo,0,gpt-4o-mini,0.0,0.0,0.3294,False,False
84,O que fazer defeito pedido?,"Se o seu pedido chegou com defeito, siga estas etapas:

1. **Entre em Contato**: Avisar imediatamente o serviço de atendimento ao cliente sobre o problema. Você pode fazer isso através:
   - Formulário de contato em nosso site.
   - E-mail: lojadropfystore@gmail.com.
   - WhatsApp: (18) 98151-4927.

2. **Informações Necessárias**: Tenha em mãos detalhes do seu pedido e, se possível, fotos do defeito ou dano para facilitar a resolução.

3. **Solução Disponível**: A equipe analisará o seu caso e poderá oferecer:
   - Reembolso.
   - Substituição do produto.
   - Crédito na loja.

Estamos aqui para ajudar e garantir que você tenha uma ótima experiência de compra! Se precisar de mais assistência, não hesite em entrar em contato.",positivo,0,gpt-4o-mini,0.0,0.0,0.3855,False,False
85,Por que fui bloqueado pelo site?,"Você foi bloqueado pelo site provavelmente devido a uma medida de segurança que visa proteger o site de ataques online. Existem várias ações que podem causar esse bloqueio, como enviar uma palavra ou frase específica, um comando SQL ou dados malformados.

### O que fazer para resolver isso:

1. **Contate o proprietário do site**: Envie um e-mail explicando que você foi bloqueado. Informe o que estava fazendo no momento em que o bloqueio ocorreu e inclua o ""Ray ID"" que está na parte inferior da página.

2. **Tente novamente mais tarde**: Às vezes, o bloqueio pode ser temporário, então aguarde um pouco e tente acessar o site novamente.

### Dicas para evitar bloqueios futuros:

- Evite enviar dados que possam parecer suspeitos.
- Use uma conexão de internet estável e segura.
- Mantenha seu navegador atualizado.

Se precisar de mais ajuda, estou à disposição!",positivo,0,gpt-4o-mini,0.0,0.0,0.0853,False,False
86,Qual serviço protege o site contra ataques online?,"Um serviço que protege sites contra ataques online é a segurança da web, como aquelas fornecidas por empresas como Cloudflare. Esses serviços ajudam a bloquear ataques, como tentativas de invasão e acessos não autorizados.

Se você quiser mais informações sobre como proteger um site, posso ajudar!",positivo,0,gpt-4o-mini,0.0,0.0,0.124,False,False
87,Qual a operadora responsável pelo reembolso?,"A operadora responsável pelo reembolso é a MERCADO PAGO. 

O procedimento para receber o reembolso depende da forma de pagamento utilizada na sua compra:

- **Cartão de Crédito**: O estorno será processado pela MERCADO PAGO e aparecerá na sua próxima fatura.
- **Boleto Bancário ou Transferência**: Você receberá um e-mail da MERCADO PAGO solicitando seus dados bancários para realizar o depósito diretamente na sua conta.

Se precisar de mais informações, sinta-se à vontade para perguntar!",positivo,0,gpt-4o-mini,0.0,0.0,0.2378,False,False
88,Qual operadora é responsável por processar os reembolsos das compras?,"A operadora responsável por processar os reembolsos das compras é a **MERCADO PAGO**. 😊 

Aqui está como funciona:

- Se você pagou com **cartão de crédito**, o estorno será feito diretamente na sua fatura pelo Mercado Pago.
- Se usou **boleto bancário**, você receberá um e-mail da operadora solicitando seus dados bancários para que o depósito seja feito diretamente na sua conta.

Se precisar de mais informações ou ajuda, estou aqui para isso! É só falar! 💬✨",positivo,0,gpt-4o-mini,0.0,0.0,0.2256,False,False
89,Qual é o email utilizado para ajuda?,"Entendo que você esteja buscando assistência. O e-mail para suporte é geralmente disponibilizado na seção de contato do nosso site. Você pode enviá-lo para obter ajuda personalizada com suas dúvidas ou problemas. Se precisar de mais alguma coisa, estou à disposição!",positivo,0,gpt-4o-mini,0.0,0.0,0.1119,False,False
90,Qual prazo email rastreamento?,"O prazo para receber o código de rastreamento por e-mail é de 5 a 10 dias úteis após a confirmação do pagamento. Se você não receber o código dentro desse período, entre em contato conosco pelo e-mail support@lojaweglowshop.com, incluindo seu nome completo utilizado na compra. Respondemos em até 48 horas. 

Se precisar de mais assistência, estou à disposição!",positivo,0,gpt-4o-mini,0.0,0.0,0.2784,False,False
91,Quantos dias úteis para aparecer informações?,"As informações de rastreamento podem levar de **5 a 10 dias úteis** para aparecerem no sistema após o envio do produto. Após a confirmação do pagamento, você receberá o código de rastreio em até **7 dias úteis** por e-mail. Se não houver atualização em relação ao rastreamento durante esse período, não se preocupe, pois as informações serão atualizadas em breve.

Se precisar de mais assistência, estou à disposição!",positivo,0,gpt-4o-mini,0.0,0.0,0.1594,False,False
92,"Caso tenha recebido o código, quanto tempo para confirmar rastreio?","Após receber o código de rastreio, pode levar de 5 a 10 dias úteis para que as informações comecem a aparecer no sistema. Portanto, não se preocupe se ainda não houver atualizações durante esse período!",positivo,0,gpt-4o-mini,0.0,0.0,0.1079,False,False
93,Qual é o prazo de entrega se morarmos na Suíça?,"Se você mora na Suíça, o prazo de entrega dos produtos adquiridos na nossa loja é de **10 a 25 dias úteis** após a postagem. Lembre-se que a postagem é feita em até 7 dias úteis após a confirmação do pagamento.

Vale ressaltar que esse prazo pode ser afetado por fatores como atrasos na entrega, greves ou períodos de alta demanda, então é possível que a entrega leve um pouco mais de tempo. 

Além disso, você receberá um código de rastreio para acompanhar a entrega do seu pedido. Se tiver mais dúvidas ou precisar de assistência, não hesite em entrar em contato com o nosso suporte ao cliente!",positivo,0,gpt-4o-mini,0.0,0.0,0.2086,False,False
94,"Se as informações de rastreio não aparecerem, quanto tempo devo esperar após receber o código?","Se você recebeu o código de rastreio e ainda não consegue ver informações sobre o seu pedido, recomenda-se aguardar entre 5 e 10 dias úteis após o recebimento do código. As informações podem levar esse tempo para serem atualizadas no sistema de rastreamento.

Portanto, não se preocupe se não houver atualizações imediatas; é normal e as informações devem aparecer em breve. Se, após esse período, você ainda não conseguir visualizar o rastreio do seu pedido, entre em contato conosco para que possamos ajudar.",positivo,0,gpt-4o-mini,0.0,0.0,0.1695,False,False
95,"Para receber descontos exclusivos, o que é necessário fazer após criar uma conta em womensecret.com?","Após criar uma conta em **womensecret.com**, para receber descontos exclusivos, é necessário que você ative as opções de comunicação nas configurações da sua conta. 

### Passos para receber descontos:

1. **Crie uma conta:** Vá até a opção 'Registar-me' e preencha os detalhes necessários.
2. **Acesse sua conta:** Após o registro, faça login em seu perfil.
3. **Ative as comunicações:** Vá até ""A minha conta"" e escolha ""A minha privacidade"". Certifique-se que está marcado para receber comunicações sobre promoções e descontos.

Após seguir esses passos, você começará a receber informações sobre as ofertas exclusivas e descontos disponibilizados. 

Se precisar de mais detalhes, você pode visitar a [página de registro](https://www.womensecret.com).",positivo,0,gpt-4o-mini,0.0,0.0,0.1197,False,False
96,"Se decidires não querer a encomenda após efetuar o pagamento, que procedimento deves seguir ao recebê-la?","Se após efetuar o pagamento da encomenda decidires que não a queres, deves seguir os seguintes passos:

1. **Aguardo a Chegada da Encomenda**: Primeiro, espera que a encomenda chegue até ti. Não é possível cancelar a encomenda após a realização do pagamento.

2. **Procedimento de Devolução**: Após receber a encomenda, terás que realizar a devolução. Você pode devolver a encomenda de duas formas:
   - **Em Loja**: 
     - Leva a fatura (que recebeste por e-mail) e os artigos que pretendes devolver.
     - Podes apresentar a fatura no seu smartphone ou imprimi-la.
     - Se pagaste despesas de envio, solicita o reembolso dessas despesas também.

   - **Recolha ao Domicílio**:
     - Acede aos detalhes da tua encomenda através do email de confirmação.
     - Segue os passos indicados para solicitar a devolução.
     - Se fizeste a compra como convidado, também é possível acessar através do link no e-mail de confirmação.

3. **Informações Adicionais**: Caso tenhas utilizado referências de multibanco na compra, é necessário fornecer o IBAN e BIC/SWIFT ao devolver na loja, para facilitar o reembolso.

Lembre-se de que não aceitamos trocas, devoluções ou desistências de certos produtos (como cuecas, cosméticos, entre outros) se a embalagem foi aberta ou se o produto foi usado.

Se precisar de mais alguma informação ou ajuda, estou à disposição!",positivo,0,gpt-4o-mini,0.0,0.0,0.2359,False,True
97,Qual o prazo de entrega após a postagem?,"O prazo médio de entrega após a postagem do produto é de 15 a 25 dias. Todas as informações sobre sua compra são enviadas por e-mail. Se precisar de mais assistência, estou à disposição.",positivo,0,gpt-4o-mini,0.0,0.0,0.1869,False,False
98,Ocorreram atrasos nos seus pedidos?,"Alguns atrasos podem ocorrer nos pedidos, especialmente se você adquiriu produtos de fornecedores diferentes. Nesse caso, você receberá dois códigos de rastreio distintos para acompanhar cada um dos pacotes, e as verificações na Receita Federal também serão realizadas separadamente, resultando em prazos diferentes para a entrega.

No entanto, fique tranquilo! Embora atrasos possam acontecer, isso é raro. Se seu produto não chegar em até 90 dias úteis após o envio, seu pagamento será 100% devolvido.

Ao fazer uma compra, você concorda com as condições e normas da Allen Store. Estamos aqui para ajudar! Se tiver mais dúvidas, sinta-se à vontade para perguntar.",positivo,0,gpt-4o-mini,0.0,0.0,0.3626,False,False
99,"Como filtro resultado, tamanho e cor no site?","Para filtrar os resultados por tamanho e cor no site, siga estes passos:

1. **Pesquise o Produto**: Use a barra de pesquisa para digitar o nome do item que você deseja (por exemplo, ""camiseta"").

2. **Acesse os Filtros**: Após realizar a pesquisa, você verá opções de filtro na lateral ou no topo da página.

3. **Selecione Tamanho e Cor**: Clique nas caixas correspondentes a ""Tamanho"" e ""Cor"" e escolha as opções que você prefere.

4. **Aplique os Filtros**: Após selecionar suas preferências, clique em ""Aplicar"" ou algo semelhante para que os resultados sejam atualizados de acordo com os filtros escolhidos.

Isso ajudará a encontrar exatamente o que você está procurando! Se precisar de mais ajuda, é só avisar.",positivo,0,gpt-4o-mini,0.0,0.0,0.1853,False,False
100,Em que situação você deve preencher a Declaração de Conteúdo nos Correios?,"Você deve preencher a Declaração de Conteúdo nos Correios quando a Nota Fiscal do seu produto estiver na parte interna do pacote que será postado. Essa declaração é necessária para garantir que o conteúdo do pacote seja devidamente identificado e aceito pelos Correios.

Algumas orientações importantes:

1. **Dirija-se a uma agência dos Correios**: Leve o Código de Autorização e o produto para postagem.
2. **Condições do produto**: Ele deve estar sem uso, na embalagem original e embalado corretamente.
3. **Nota Fiscal**: Se estiver na parte interna, você deve preencher a Declaração de Conteúdo, que pode ser obtida nas agências.

Em caso de dúvidas ou necessidade de suporte adicional, recomendo que você entre em contato com a Central de Relacionamento.",positivo,0,gpt-4o-mini,0.0,0.0,0.1841,False,False
101,Qual é o prazo de entrega quando se escolhe a opção de Frete Grátis para todo o Brasil?,"Quando você escolhe a opção de Frete Grátis para todo o Brasil, o prazo de entrega é de **7 a 15 dias úteis**, dependendo da sua região.

Assim que o pagamento for confirmado, seu pedido será despachado em até **96 horas úteis**. Além disso, você receberá um código de rastreio por e-mail para acompanhar a entrega pelo nosso site.

Se tiver mais alguma dúvida ou precisar de ajuda, não hesite em entrar em contato conosco pelo e-mail **oi@perfeitabelezaloja.com** ou pelo WhatsApp **(11) 96441-2941**.

Estamos aqui para garantir que você tenha uma experiência de compra agradável e satisfatória!",positivo,0,gpt-4o-mini,0.0,0.0,0.4068,False,False
102,A garantia de satisfação é para qualquer produto se for dentro de quantos dias após recebimento do produto?,"A garantia de satisfação é válida por 7 dias após o recebimento do produto. Isso significa que você pode solicitar a devolução dentro desse prazo, caso não esteja satisfeito.",positivo,0,gpt-4o-mini,0.0,0.0,0.1235,False,False
103,"Posso acompanhar, acompanhar a minha encomenda depois de expedida, expedida pelos CTT, através de um código recebido por e-mail?","Sim, você pode acompanhar a sua encomenda após ser expedida pelos CTT. Assim que a encomenda for entregue à transportadora, você receberá um e-mail com um código de rastreio. Você pode usar esse código para monitorar o status da sua encomenda.

Caso tenha alguma dúvida ou precise de mais assistência, sinta-se à vontade para entrar em contato pelo e-mail **info@domusarteporto.com**.",positivo,0,gpt-4o-mini,0.0,0.0,0.1986,False,False
